Age,LCI,Actual,HCI
21-30,91.62591373,97.26027397,99.51103251
31-40,87.08065856,91.19170984,94.30980463
41-60,89.9738258,94.53125,97.40552297
61-80,92.60624111,100,100
81-100,94.06939858,100,100
