Age,LCI,Actual,HCI
21-30,82.9250277,100,100
31-40,48.06465581,55.39568345,62.55153926
41-60,75.7419346,81.25,85.9491695
61-80,84.40172926,90.26548673,94.44452532
81-100,90.03651198,96.72131148,99.41432497
